ddg_info1,ddg_info2,ddg_info3,ddg_info4,ddg_info5,ddg_info6,ddg_info7,ddg_info8,ddg_info9,ddg_info10
ALK,BCL2,ESR1,EZH2,KDR,NOTCH1,SNCA,TP53,VCP,VPS35
ALS2,BRCA1,ETV4,FBXO7,KMT2A,NOTCH2,SOD1,TREM2,,WT1
ANG,BRCA2,ETV6,FIG4,LRRK2,NOTCH3,SORL1,UBQLN2,,gene_name_value
APOE,CCND1,EWSR1,FUS,MAPT,NUTM1,SPG11,UCHL1,,
APP,CCNE1,,GBA,MATR3,OPTN,SPR,UNC5C,,
AR,CDH1,,GIGYF2,MEN1,PARK2,SQSTM1,VAPB,,
ARAF,CDK6,,GRN,MITF,PARK7,SYK,,,
AURKA,CDKN2A,,HNRNPA1,MPL,PDGFRB,TAF15,,,
,CDKN2B,,HNRNPA2B1,MYC,PFN1,TARDBP,,,
,CEBPA,,HTRA2,NKX2-1,PINK1,TET2,,,
,CHCHD10,,JAK2,,PON1,TMPRSS2,,,
,CHMP2B,,JAK3,,PON2,,,,
,COQ2,,,,PON3,,,,
,DAO,,,,PRNP,,,,
,DCTN1,,,,PRPH,,,,
,DDR2,,,,PSEN1,,,,
,DNMT3A,,,,PSEN2,,,,
,DPP6,,,,RARA,,,,
,EIF4G1,,,,RET,,,,
,EPHA3,,,,ROS1,,,,
,ERBB2,,,,RUNX1,,,,
,ERG,,,,SETX,,,,
,,,,,SIGMAR1,,,,
,,,,,SMN1,,,,
,,,,,SMO,,,,
